Male Names:
Александр (Aleksandr) - Diminutives: Саша (Sasha), Шура (Shura), Саня (Sanya)
Михаил (Mikhail) - Diminutives: Миша (Misha), Мишка (Mishka)
Сергей (Sergey) - Diminutives: Серёжа (Seryozha), Серёжка (Seryozhka)
Иван (Ivan) - Diminutives: Ваня (Vanya), Ванька (Vanka)
Дмитрий (Dmitriy) - Diminutives: Дима (Dima), Димка (Dimka)
Андрей (Andrey) - Diminutives: Андрюша (Andryusha), Андрюха (Andryukha)
Николай (Nikolai) - Diminutives: Коля (Kolya), Коленька (Kolenka)
Владимир (Vladimir) - Diminutives: Вова (Vova), Вовка (Vovka)
Виктор (Viktor) - Diminutives: Витя (Vitya), Витенька (Vitenka)
Павел (Pavel) - Diminutives: Паша (Pasha), Пашка (Pashka)
Алексей (Aleksey) - Diminutives: Лёша (Lyosha), Лёшка (Lyoshka)
Константин (Konstantin) - Diminutives: Костя (Kostya), Костик (Kostik)
Григорий (Grigoriy) - Diminutives: Гриша (Grisha), Гришка (Grishka)
Леонид (Leonid) - Diminutives: Лёня (Lyonya), Лёнчик (Lyonchik)
Роман (Roman) - Diminutives: Рома (Roma), Ромка (Romka)
Валерий (Valeriy) - Diminutives: Валера (Valera), Валерка (Valerka)
Вячеслав (Vyacheslav) - Diminutives: Слава (Slava), Славик (Slavik)
Георгий (Georgiy) - Diminutives: Гоша (Gosha), Жора (Zhora)
Евгений (Evgeniy) - Diminutives: Женя (Zhenya), Женька (Zhenka)
Игорь (Igor) - Diminutives: Игорек (Igorek)

Female Names:
Анастасия (Anastasiya) - Diminutives: Настя (Nastya), Настенька (Nastenka), Ася (Asya)
Татьяна (Tatyana) - Diminutives: Таня (Tanya), Танька (Tanka)
Екатерина (Ekaterina) - Diminutives: Катя (Katya), Катенька (Katenka), Катюша (Katyusha)
Ольга (Olga) - Diminutives: Оля (Olya), Оленька (Olenka)
Мария (Mariya) - Diminutives: Маша (Masha), Машенька (Mashenka)
Наталья (Natalya) - Diminutives: Наташа (Natasha), Наташенька (Natashechka)
Юлия (Yuliya) - Diminutives: Юля (Yulya), Юленька (Yulenka)
Вероника (Veronika) - Diminutives: Ника (Nika), Вера (Vera)
Анна (Anna) - Diminutives: Аня (Anya), Анюша (Anyusha)
Людмила (Lyudmila) - Diminutives: Люда (Lyuda), Людка (Lyudka)
Елена (Elena) - Diminutives: Лена (Lena), Леночка (Lenochka)
Ирина (Irina) - Diminutives: Ира (Ira), Ирочка (Irochka)
Галина (Galina) - Diminutives: Галя (Galya), Галочка (Galyochka)
Светлана (Svetlana) - Diminutives: Света (Sveta), Светик (Svetik)
Валентина (Valentina) - Diminutives: Валя (Valya), Валюша (Valyusha)
Зоя (Zoya) - Diminutives: Зоечка (Zoyechka)
Лариса (Larisa) - Diminutives: Лара (Lara), Лариска (Lariska)
Надежда (Nadezhda) - Diminutives: Надя (Nadya), Наденька (Nadenka)
Полина (Polina) - Diminutives: Поля (Polya), Полинка (Polinka)
София (Sofiya) - Diminutives: Соня (Sonya), Софочка (Sofochka)

Surnames:
Петров (Petrov), Смирнов (Smirnov), Иванов (Ivanov), Сидоров (Sidorov), Кузнецов (Kuznetsov), Васильев (Vasilyev), 
Попов (Popov), Соколов (Sokolov), Михайлов (Mikhailov), Новиков (Novikov), Федоров (Fedorov), Морозов (Morozov), Волков (Volkov),
Алексеев (Alekseev), Лебедев (Lebedev), Семенов (Semenov), Егоров (Egorov), Павлов (Pavlov), Козлов (Kozlov), Степанов (Stepanov).


Male Names:

Yosef - יוסף
Moshe - משה
Avraham - אברהם
David - דָּוִד
Yitzhak - יצחק
Yaakov - יעקב
Ariel - אריאל
Amir - אמיר
Daniel - דניאל
Eitan - איתן
Noam - נועם
Omer - עומר
Yair - יאיר
Lior - ליאור
Itai - איתי
Yuval - יובל
Ido - עידו
Yehuda - יהודה
Ben - בן
Ron - רון
Tal - טל
Nir - ניר
Shai - שי
Yonatan - יונתן
Dor - דור

Female Names:

Yael - יעל
Sarah - שָׂרָה
Rachel - רחל
Leah - לֵאָה
Miriam - מרים
Tamar - תמר
Noa - נועה
Shira - שירה
Adel - עדל
Avigail - אביגיל
Maya - מַיָּה
Hila - הילה
Michal - מיכל
Talia - טליה
Ayala - אילה
Roni - רוני
Liat - ליאת
Hadar - הדר
Dafna - דפנה
Orly - אורלי
Batel - בת-אל
Gal - גל
Nava - נאוה
Osnat - אסנת
Ayelet - אילת


VARIATIONS IN ENGLISH TRANSLITERATION

Aleksandr: Alexander, Alexandr
Mikhail: Michael, Michail
Sergey: Sergei, Serguei
Ivan: Ivann, Ewan 
Dmitriy: Dmitry, Dmitri, Dimitri
Andrey: Andrei, Andre, Andrew 
Nikolai: Nicolai, Nikola, Nickolai
Vladimir: Wladimir, Vladymir
Viktor: Victor, Víctor
Pavel: Paul , Pavol
Aleksey: Alexey, Alexei, Alexis 
Konstantin: Constantine, Konstantine, Konstantyn
Grigoriy: Grigory, Grigori, Gregory
Leonid: Leonide, Leonidas 
Roman: Romain , Roma
Valeriy: Valery, Valeri, Valeryi
Vyacheslav: Viacheslav, Slava
Georgiy: Georgy, Georgi, George 
Evgeniy: Evgeny, Eugene
Igor: Ihor (Ukrainian variation)
Anastasiya: Anastasia, Anastaçia, Anastasya
Tatyana: Tatiana, Tatiyana, Tatjana
Ekaterina: Catherine , Katerina, Yekaterina
Olga: Olha (Ukrainian variation)
Mariya: Maria, Marie , Marya
Natalya: Natalia, Nathalia, Nataliya
Yuliya: Julia, Yulia, Juliya
Veronika: Veronica, Weronika
Anna: Ana, Ahna
Lyudmila: Ludmila, Liudmila
Elena: Elina, Jelena, Yelena
Irina: Iryna, Irene 
Galina: Halina, Galya 
Svetlana: Sveta, Svitlana (Ukrainian variation)
Valentina: Valentyne, Valentyna


Yosef: Joseph, Yossef
Moshe: Moishe, Moses 
Avraham: Abraham, Avram
David: Dave, Davide 
Yitzhak: Itzhak, Isaac 
Yaakov: Yacov, Jacob 
Ariel: Arie, Aryel
Amir: Ameer, Amier
Daniel: Dan, Dani 
Danielle (female variant)
Eitan: Ethan 
Yael: Jael ,Yail
Sarah: Sara, Sarra
Rachel: Rachelle, Racheal
Leah: Lea, Lia
Miriam: Myriam, Mariam, Maryam
Tamar: Tamara 
Noa: Noah 
Shira: Sheera, Sherah
Adel: Adelle, Adell
Avigail: Abigail, Avigayil


Israeli Cities:

Jerusalem - ירושלים 
Tel Aviv - תל אביב
Haifa - חיפה
Rishon LeZion - ראשון לציון
Petah Tikva - פתח תקווה
Ashdod - אשדוד
Netanya - נתניה
Beersheba - באר שבע
Holon - חולון
Bnei Brak - בני ברק
Bat Yam - בת ים
Ramat Gan - רמת גן
Ashkelon - אשקלון
Herzliya - הרצליה
Kfar Saba - כפר סבא
Ra'anana - רעננה
Hod Hasharon - הוד השרון
Modi'in - מודיעין
Rehovot - רחובות
Bet Shemesh - בית שמש
Nazareth - נצרת
Ramla - רמלה
Lod - לוד
Acre (Akko) - עכו
Nahariya - נהריה

Minsk - Минск
Brest - Брест
Grodno (Hrodna) - Гродно
Vitebsk - Витебск
Mogilev - Могилев
Gomel - Гомель
Bobruisk - Бобруйск
Baranovichi - Барановичи
Borisov - Борисов
Pinsk - Пинск
Orsha - Орша
Polotsk - Полоцк
Lida - Лида
Soligorsk - Солигорск
Mozyr - Мозырь
Novopolotsk - Новополоцк
Zhlobin - Жлобин
Slutsk - Слуцк
Kobryn - Кобрин
Mazyr - Мазыр
Kalinkovichi - Калинковичи
Smorgon - Сморгонь
Rogachev - Рогачёв
Molodechno - Молодечно
Ostrovets - Островец
